Student_ID,Attendance,Past_Grades,Hours_Studied_per_Week,Performance_Category,Medical_Emergency,Class_Assignment_Score
S0001,88,80,17,Average,0,9
S0002,78,84,12,Average,0,6
S0003,64,57,15,At-Risk,0,6
S0004,92,86,5,Average,0,7
S0005,57,75,17,At-Risk,0,6
S0006,70,86,23,Average,0,5
S0007,88,61,7,Average,0,7
S0008,68,73,21,Average,0,6
S0009,72,86,9,Average,0,5
S0010,60,47,24,At-Risk,0,9
S0011,60,79,12,At-Risk,0,6
S0012,73,88,18,Average,0,5
S0013,85,83,8,Average,0,8
S0014,89,58,15,At-Risk,1,8
S0015,73,81,24,Average,0,5
S0016,52,80,19,At-Risk,0,7
S0017,71,76,23,Average,0,7
S0018,51,45,11,At-Risk,0,6
S0019,73,91,23,Average,0,8
S0020,93,65,23,Average,0,7
S0021,79,73,15,Average,0,7
S0022,87,98,9,Average,0,8
S0023,51,95,9,At-Risk,0,9
S0024,70,98,12,Average,0,7
S0025,82,84,14,Average,1,5
S0026,61,45,10,At-Risk,0,6
S0027,71,76,19,Average,0,7
S0028,93,96,20,High-Performing,0,7
S0029,74,72,21,Average,0,9
S0030,98,92,12,Average,1,5
S0031,76,61,12,Average,0,6
S0032,91,60,13,At-Risk,0,7
S0033,77,45,6,At-Risk,0,6
S0034,65,45,19,At-Risk,0,8
S0035,64,94,22,Average,0,7
S0036,96,87,7,Average,0,7
S0037,100,43,21,At-Risk,0,8
S0038,93,69,8,Average,0,9
S0039,52,50,8,At-Risk,0,7
S0040,86,69,18,Average,0,6
S0041,100,70,13,Average,0,5
S0042,56,63,13,At-Risk,0,6
S0043,70,94,22,Average,0,9
S0044,58,48,14,At-Risk,0,5
S0045,88,94,8,Average,0,6
S0046,67,42,16,At-Risk,0,6
S0047,53,90,12,At-Risk,0,8
S0048,74,70,6,Average,0,9
S0049,63,79,17,Average,0,8
S0050,99,76,20,Average,0,5
S0051,58,75,6,At-Risk,0,8
S0052,75,63,15,Average,0,9
S0053,51,70,14,At-Risk,0,7
S0054,69,45,19,At-Risk,0,7
S0055,77,41,21,At-Risk,0,5
S0056,96,59,12,At-Risk,0,7
S0057,56,67,22,At-Risk,0,8
S0058,93,50,13,At-Risk,0,5
S0059,57,43,12,At-Risk,0,9
S0060,96,54,18,At-Risk,0,5
S0061,84,45,22,At-Risk,0,5
S0062,63,93,24,Average,0,6
S0063,66,88,24,Average,0,6
S0064,85,69,16,Average,0,5
S0065,99,95,23,High-Performing,0,7
S0066,89,77,18,Average,0,6
S0067,53,90,21,At-Risk,1,9
S0068,51,96,7,At-Risk,0,8
S0069,55,41,11,At-Risk,0,6
S0070,91,54,21,At-Risk,0,5
S0071,53,50,16,At-Risk,0,7
S0072,78,47,13,At-Risk,1,8
S0073,67,65,19,Average,0,6
S0074,75,90,22,Average,0,7
S0075,93,84,17,High-Performing,0,7
S0076,83,83,12,Average,0,7
S0077,59,44,18,At-Risk,0,5
S0078,85,45,12,At-Risk,0,9
S0079,63,65,18,Average,1,7
S0080,80,93,11,Average,0,8
S0081,97,43,16,At-Risk,0,6
S0082,64,58,15,At-Risk,0,8
S0083,57,59,15,At-Risk,0,5
S0084,63,72,17,Average,0,5
S0085,72,59,22,At-Risk,0,8
S0086,89,88,6,Average,0,9
S0087,70,51,19,At-Risk,0,5
S0088,65,86,24,Average,0,5
S0089,94,40,22,At-Risk,1,8
S0090,67,65,19,Average,0,5
S0091,96,53,23,At-Risk,0,9
S0092,73,77,16,Average,0,9
S0093,75,76,17,Average,0,9
S0094,74,50,15,At-Risk,0,6
S0095,94,75,9,Average,0,9
S0096,90,52,5,At-Risk,0,9
S0097,78,82,7,Average,0,6
S0098,64,42,23,At-Risk,0,7
S0099,94,72,11,Average,0,5
S0100,50,45,16,At-Risk,0,9
S0101,74,89,19,Average,0,5
S0102,56,95,9,At-Risk,0,8
S0103,58,49,19,At-Risk,0,5
S0104,73,44,12,At-Risk,0,6
S0105,50,62,14,At-Risk,0,5
S0106,93,49,20,At-Risk,0,5
S0107,57,83,12,At-Risk,1,5
S0108,73,41,5,At-Risk,0,7
S0109,60,52,16,At-Risk,1,7
S0110,100,79,9,Average,0,8
S0111,66,41,7,At-Risk,0,6
S0112,57,59,5,At-Risk,0,5
S0113,84,40,8,At-Risk,0,5
S0114,84,76,12,Average,0,5
S0115,82,48,7,At-Risk,0,5
S0116,54,56,14,At-Risk,1,7
S0117,91,48,6,At-Risk,0,8
S0118,88,50,15,At-Risk,0,9
S0119,90,54,14,At-Risk,0,6
S0120,77,63,18,Average,0,5
S0121,56,77,11,At-Risk,0,8
S0122,58,94,6,At-Risk,0,9
S0123,57,74,13,At-Risk,1,8
S0124,61,69,20,Average,0,7
S0125,83,70,17,Average,0,9
S0126,82,88,13,Average,0,8
S0127,97,44,24,At-Risk,0,7
S0128,72,99,8,Average,0,8
S0129,73,83,14,Average,0,8
S0130,86,89,16,High-Performing,0,9
S0131,84,53,21,At-Risk,0,7
S0132,93,92,18,High-Performing,0,5
S0133,89,95,18,High-Performing,1,6
S0134,71,50,6,At-Risk,0,9
S0135,76,48,24,At-Risk,0,7
S0136,84,73,15,Average,0,8
S0137,50,51,20,At-Risk,0,7
S0138,84,74,23,Average,0,6
S0139,86,74,10,Average,0,6
S0140,96,40,23,At-Risk,0,5
S0141,63,79,9,Average,0,5
S0142,52,61,8,At-Risk,0,6
S0143,50,99,19,At-Risk,0,9
S0144,54,68,8,At-Risk,0,9
S0145,75,47,24,At-Risk,0,8
S0146,63,50,14,At-Risk,0,5
S0147,88,80,7,Average,0,8
S0148,76,76,9,Average,0,5
S0149,58,53,10,At-Risk,1,6
S0150,64,99,12,Average,0,9
S0151,64,69,11,Average,1,9
S0152,75,74,14,Average,0,6
S0153,91,60,10,At-Risk,0,8
S0154,62,76,18,Average,0,8
S0155,100,44,8,At-Risk,1,7
S0156,81,58,17,At-Risk,0,5
S0157,88,98,24,High-Performing,0,8
S0158,98,53,21,At-Risk,0,6
S0159,81,65,11,Average,0,8
S0160,53,43,8,At-Risk,0,9
S0161,79,64,18,Average,0,5
S0162,86,84,7,Average,0,7
S0163,72,81,9,Average,0,5
S0164,88,64,20,Average,0,9
S0165,94,57,24,At-Risk,0,9
S0166,64,79,8,Average,0,9
S0167,92,47,6,At-Risk,0,9
S0168,78,78,22,Average,0,6
S0169,85,79,23,Average,0,7
S0170,62,53,23,At-Risk,0,9
S0171,81,71,21,Average,0,9
S0172,56,90,18,At-Risk,0,8
S0173,100,100,23,High-Performing,0,7
S0174,71,77,17,Average,0,5
S0175,77,72,16,Average,0,7
S0176,51,62,10,At-Risk,0,7
S0177,91,54,8,At-Risk,1,7
S0178,94,72,23,Average,0,9
S0179,55,64,20,At-Risk,0,9
S0180,77,56,17,At-Risk,0,6
S0181,77,72,8,Average,1,5
S0182,93,86,21,High-Performing,0,8
S0183,93,94,5,Average,0,7
S0184,69,41,22,At-Risk,0,5
S0185,79,53,24,At-Risk,0,5
S0186,60,92,21,At-Risk,0,6
S0187,77,79,19,Average,0,8
S0188,74,79,15,Average,0,7
S0189,88,90,17,High-Performing,0,8
S0190,82,78,5,Average,0,6
S0191,50,90,21,At-Risk,0,9
S0192,76,45,10,At-Risk,1,5
S0193,62,45,8,At-Risk,0,7
S0194,90,42,24,At-Risk,0,9
S0195,52,46,20,At-Risk,0,6
S0196,88,90,19,High-Performing,0,8
S0197,55,47,19,At-Risk,1,5
S0198,57,81,10,At-Risk,0,7
S0199,76,91,19,Average,0,9
S0200,58,54,18,At-Risk,0,9
S0201,86,86,15,Average,0,5
S0202,82,68,11,Average,0,8
S0203,100,72,13,Average,0,6
S0204,91,91,20,High-Performing,0,8
S0205,93,69,9,Average,1,8
S0206,73,78,24,Average,1,8
S0207,64,66,14,Average,0,5
S0208,81,75,22,Average,0,5
S0209,81,68,7,Average,0,6
S0210,73,77,17,Average,0,8
S0211,90,96,15,Average,0,5
S0212,98,72,21,Average,0,6
S0213,98,100,17,High-Performing,0,6
S0214,61,76,10,Average,0,8
S0215,88,66,21,Average,0,7
S0216,51,94,17,At-Risk,0,8
S0217,52,72,23,At-Risk,0,7
S0218,98,43,23,At-Risk,0,6
S0219,86,61,14,Average,0,5
S0220,98,41,7,At-Risk,0,9
S0221,66,49,18,At-Risk,0,6
S0222,98,44,23,At-Risk,0,5
S0223,51,98,9,At-Risk,0,6
S0224,51,49,9,At-Risk,0,8
S0225,77,72,24,Average,0,7
S0226,72,93,21,Average,0,6
S0227,86,77,14,Average,0,5
S0228,81,52,9,At-Risk,0,8
S0229,82,70,8,Average,0,9
S0230,50,86,10,At-Risk,1,8
S0231,68,75,8,Average,1,7
S0232,51,84,11,At-Risk,0,8
S0233,93,63,11,Average,0,9
S0234,75,91,22,Average,0,5
S0235,81,95,7,Average,0,6
S0236,55,54,5,At-Risk,1,7
S0237,81,68,8,Average,0,9
S0238,53,47,10,At-Risk,0,7
S0239,60,44,13,At-Risk,0,8
S0240,66,68,18,Average,1,7
S0241,87,86,16,High-Performing,0,9
S0242,73,43,24,At-Risk,0,6
S0243,54,51,8,At-Risk,0,6
S0244,83,84,16,High-Performing,0,7
S0245,55,41,14,At-Risk,0,5
S0246,71,66,11,Average,0,7
S0247,60,70,7,At-Risk,1,8
S0248,97,90,18,High-Performing,1,6
S0249,65,90,14,Average,0,6
S0250,82,75,20,Average,0,6
S0251,58,75,20,At-Risk,0,5
S0252,55,65,14,At-Risk,0,5
S0253,65,82,17,Average,0,9
S0254,78,66,10,Average,0,7
S0255,52,44,16,At-Risk,0,7
S0256,69,59,13,At-Risk,0,8
S0257,85,50,17,At-Risk,0,6
S0258,68,49,8,At-Risk,0,5
S0259,75,79,15,Average,0,8
S0260,52,77,24,At-Risk,0,8
S0261,68,45,22,At-Risk,0,5
S0262,69,47,15,At-Risk,0,7
S0263,81,62,8,Average,0,6
S0264,56,86,22,At-Risk,0,7
S0265,90,65,5,Average,0,8
S0266,82,85,11,Average,0,6
S0267,89,82,10,Average,0,9
S0268,88,51,19,At-Risk,0,8
S0269,67,65,22,Average,0,7
S0270,89,52,15,At-Risk,0,7
S0271,50,79,24,At-Risk,0,7
S0272,60,57,19,At-Risk,0,5
S0273,77,64,20,Average,0,8
S0274,74,72,11,Average,0,6
S0275,99,86,14,Average,0,7
S0276,72,79,16,Average,0,7
S0277,80,99,18,Average,0,5
S0278,79,82,9,Average,0,6
S0279,91,51,22,At-Risk,0,8
S0280,84,83,9,Average,0,9
S0281,56,75,7,At-Risk,0,5
S0282,65,87,9,Average,0,8
S0283,75,43,21,At-Risk,0,9
S0284,97,44,23,At-Risk,0,7
S0285,98,95,23,High-Performing,0,7
S0286,51,76,16,At-Risk,0,6
S0287,50,47,13,At-Risk,0,9
S0288,97,81,5,Average,0,7
S0289,61,88,22,Average,1,7
S0290,54,67,8,At-Risk,0,6
S0291,86,70,14,Average,0,8
S0292,81,97,11,Average,0,7
S0293,58,48,5,At-Risk,0,5
S0294,90,93,21,High-Performing,1,5
S0295,84,90,6,Average,0,8
S0296,68,68,15,Average,1,9
S0297,97,53,13,At-Risk,0,6
S0298,65,79,11,Average,0,5
S0299,52,80,21,At-Risk,0,5
S0300,69,61,21,Average,0,8
S0301,73,50,6,At-Risk,0,9
S0302,82,62,10,Average,0,9
S0303,73,40,18,At-Risk,0,8
S0304,60,85,10,At-Risk,0,5
S0305,98,76,6,Average,1,6
S0306,57,60,5,At-Risk,0,5
S0307,85,65,14,Average,0,9
S0308,87,85,9,Average,0,5
S0309,89,75,6,Average,0,6
S0310,69,93,20,Average,1,7
S0311,84,62,6,Average,0,5
S0312,97,96,14,Average,0,8
S0313,74,40,6,At-Risk,0,7
S0314,84,93,20,High-Performing,0,8
S0315,74,94,20,Average,0,8
S0316,78,90,23,Average,0,8
S0317,67,79,11,Average,0,5
S0318,95,54,16,At-Risk,0,9
S0319,67,60,19,At-Risk,1,7
S0320,51,86,12,At-Risk,0,6
S0321,84,48,10,At-Risk,0,9
S0322,65,92,14,Average,1,5
S0323,90,48,7,At-Risk,0,8
S0324,85,49,23,At-Risk,0,6
S0325,82,91,21,High-Performing,0,7
S0326,53,96,11,At-Risk,1,9
S0327,82,92,24,High-Performing,0,9
S0328,63,65,8,Average,0,6
S0329,70,80,18,Average,0,5
S0330,97,74,24,Average,0,7
S0331,69,91,19,Average,0,6
S0332,57,64,12,At-Risk,0,8
S0333,56,65,19,At-Risk,0,7
S0334,52,50,24,At-Risk,0,9
S0335,66,77,18,Average,1,6
S0336,82,41,13,At-Risk,0,9
S0337,97,46,12,At-Risk,0,9
S0338,61,57,21,At-Risk,0,9
S0339,100,66,6,Average,0,5
S0340,71,73,7,Average,0,9
S0341,71,66,12,Average,0,8
S0342,95,56,16,At-Risk,0,8
S0343,79,82,5,Average,0,7
S0344,87,98,14,Average,0,9
S0345,87,83,24,High-Performing,0,9
S0346,94,98,7,Average,0,6
S0347,100,90,10,Average,0,5
S0348,57,93,11,At-Risk,0,7
S0349,76,63,24,Average,0,9
S0350,76,64,22,Average,0,6
S0351,83,46,15,At-Risk,0,5
S0352,70,91,23,Average,0,7
S0353,79,45,9,At-Risk,0,7
S0354,82,92,23,High-Performing,0,9
S0355,77,63,15,Average,0,7
S0356,96,72,16,Average,1,6
S0357,82,88,14,Average,0,7
S0358,54,68,12,At-Risk,1,8
S0359,97,82,13,Average,0,6
S0360,68,61,8,Average,0,5
S0361,53,65,9,At-Risk,0,5
S0362,84,67,12,Average,0,9
S0363,98,89,13,Average,0,9
S0364,66,60,19,At-Risk,0,8
S0365,93,88,19,High-Performing,0,5
S0366,77,46,20,At-Risk,0,5
S0367,79,56,18,At-Risk,0,5
S0368,78,59,12,At-Risk,0,5
S0369,95,80,22,Average,0,7
S0370,55,88,14,At-Risk,1,6
S0371,84,59,24,At-Risk,0,6
S0372,90,93,10,Average,0,8
S0373,86,61,16,Average,0,7
S0374,73,67,6,Average,0,5
S0375,78,100,11,Average,0,5
S0376,98,79,20,Average,0,9
S0377,95,88,7,Average,0,9
S0378,80,46,17,At-Risk,0,8
S0379,84,40,7,At-Risk,0,5
S0380,82,71,22,Average,1,8
S0381,70,52,15,At-Risk,0,7
S0382,81,69,12,Average,0,6
S0383,72,62,10,Average,0,5
S0384,82,90,5,Average,0,7
S0385,52,98,5,At-Risk,0,5
S0386,67,95,12,Average,0,9
S0387,74,58,9,At-Risk,0,8
S0388,91,71,20,Average,0,9
S0389,80,69,15,Average,0,6
S0390,52,68,9,At-Risk,0,9
S0391,89,88,8,Average,0,5
S0392,95,84,10,Average,0,9
S0393,73,68,18,Average,0,5
S0394,99,69,23,Average,0,6
S0395,81,55,13,At-Risk,0,9
S0396,96,79,16,Average,0,8
S0397,71,58,15,At-Risk,0,8
S0398,72,57,18,At-Risk,0,8
S0399,51,40,20,At-Risk,0,9
S0400,76,53,5,At-Risk,0,9
S0401,91,90,17,High-Performing,0,9
S0402,51,86,17,At-Risk,0,5
S0403,75,89,6,Average,0,6
S0404,66,41,8,At-Risk,0,8
S0405,89,93,10,Average,0,5
S0406,82,67,9,Average,0,8
S0407,58,88,7,At-Risk,0,5
S0408,92,89,5,Average,0,9
S0409,97,69,8,Average,0,8
S0410,88,77,24,Average,0,9
S0411,78,90,6,Average,0,8
S0412,91,43,9,At-Risk,1,7
S0413,75,40,7,At-Risk,0,5
S0414,84,47,13,At-Risk,1,7
S0415,99,68,24,Average,0,5
S0416,74,94,10,Average,0,6
S0417,73,78,22,Average,0,8
S0418,62,42,10,At-Risk,0,6
S0419,56,71,23,At-Risk,0,6
S0420,85,49,16,At-Risk,0,5
S0421,94,49,15,At-Risk,0,7
S0422,69,58,6,At-Risk,0,9
S0423,50,85,19,At-Risk,0,5
S0424,57,73,16,At-Risk,0,9
S0425,95,99,16,High-Performing,0,6
S0426,65,72,13,Average,0,9
S0427,63,62,6,Average,1,7
S0428,61,94,7,Average,0,5
S0429,100,67,16,Average,1,7
S0430,72,71,20,Average,0,7
S0431,64,89,5,Average,0,5
S0432,77,46,7,At-Risk,0,7
S0433,83,68,24,Average,0,8
S0434,51,47,6,At-Risk,0,8
S0435,81,40,13,At-Risk,0,8
S0436,72,96,23,Average,0,9
S0437,71,94,19,Average,0,7
S0438,100,42,22,At-Risk,0,5
S0439,74,63,15,Average,0,5
S0440,71,62,20,Average,0,9
S0441,71,98,21,Average,0,5
S0442,98,100,9,Average,0,8
S0443,91,47,16,At-Risk,0,7
S0444,55,93,15,At-Risk,0,5
S0445,64,96,19,Average,0,5
S0446,92,86,7,Average,0,6
S0447,86,76,5,Average,0,6
S0448,82,42,24,At-Risk,0,6
S0449,57,90,20,At-Risk,0,7
S0450,93,72,6,Average,1,8
S0451,93,67,6,Average,1,8
S0452,54,86,7,At-Risk,0,8
S0453,88,47,12,At-Risk,0,7
S0454,53,73,19,At-Risk,0,7
S0455,55,74,11,At-Risk,0,6
S0456,94,71,10,Average,0,5
S0457,81,63,13,Average,0,9
S0458,79,53,24,At-Risk,1,9
S0459,96,71,5,Average,0,5
S0460,84,95,12,Average,0,6
S0461,89,85,7,Average,0,5
S0462,65,82,8,Average,0,5
S0463,62,55,19,At-Risk,0,9
S0464,99,43,10,At-Risk,1,6
S0465,91,91,19,High-Performing,0,7
S0466,79,76,7,Average,0,9
S0467,68,93,18,Average,0,7
S0468,66,60,24,At-Risk,0,6
S0469,68,53,18,At-Risk,0,5
S0470,77,70,8,Average,0,8
S0471,75,94,16,Average,0,8
S0472,86,87,21,High-Performing,0,6
S0473,75,57,11,At-Risk,0,8
S0474,72,46,13,At-Risk,0,7
S0475,58,49,7,At-Risk,0,8
S0476,61,46,17,At-Risk,0,6
S0477,50,72,19,At-Risk,0,6
S0478,50,62,22,At-Risk,0,7
S0479,96,60,23,At-Risk,0,8
S0480,83,58,5,At-Risk,0,8
S0481,81,87,10,Average,0,5
S0482,97,100,6,Average,0,9
S0483,74,58,18,At-Risk,0,6
S0484,89,75,10,Average,0,5
S0485,94,68,18,Average,0,6
S0486,50,99,8,At-Risk,0,5
S0487,65,57,12,At-Risk,0,9
S0488,88,41,7,At-Risk,0,5
S0489,54,40,23,At-Risk,0,6
S0490,71,86,18,Average,0,8
S0491,78,44,24,At-Risk,0,6
S0492,52,59,21,At-Risk,0,7
S0493,61,50,12,At-Risk,0,7
S0494,75,81,18,Average,0,7
S0495,65,41,10,At-Risk,0,7
S0496,100,42,20,At-Risk,0,9
S0497,86,62,23,Average,0,8
S0498,71,94,18,Average,0,8
S0499,78,51,23,At-Risk,1,6
S0500,63,59,7,At-Risk,1,5
S0501,77,44,14,At-Risk,0,6
S0502,54,76,23,At-Risk,0,6
S0503,96,77,13,Average,0,6
S0504,98,69,24,Average,0,6
S0505,79,48,17,At-Risk,0,8
S0506,95,73,11,Average,0,5
S0507,54,92,18,At-Risk,0,6
S0508,61,83,13,Average,0,8
S0509,65,74,23,Average,0,6
S0510,75,91,19,Average,0,7
S0511,75,97,24,Average,1,6
S0512,97,61,18,Average,0,6
S0513,70,83,10,Average,0,9
S0514,88,63,8,Average,1,7
S0515,85,56,12,At-Risk,0,5
S0516,82,49,21,At-Risk,0,6
S0517,79,69,13,Average,0,5
S0518,86,95,5,Average,0,7
S0519,72,98,24,Average,0,6
S0520,59,85,18,At-Risk,0,9
S0521,54,62,15,At-Risk,0,8
S0522,85,71,7,Average,0,9
S0523,83,56,13,At-Risk,0,9
S0524,80,89,18,Average,1,8
S0525,59,90,13,At-Risk,0,8
S0526,68,56,8,At-Risk,0,8
S0527,81,53,8,At-Risk,0,6
S0528,50,48,12,At-Risk,0,5
S0529,54,79,6,At-Risk,1,5
S0530,94,41,13,At-Risk,0,8
S0531,53,84,18,At-Risk,0,9
S0532,65,64,13,Average,0,7
S0533,73,78,20,Average,0,8
S0534,65,48,21,At-Risk,0,9
S0535,51,93,20,At-Risk,0,9
S0536,98,61,16,Average,0,6
S0537,77,82,7,Average,0,6
S0538,81,85,15,Average,0,5
S0539,76,43,18,At-Risk,0,5
S0540,69,65,22,Average,0,7
S0541,73,97,9,Average,0,7
S0542,61,68,20,Average,1,7
S0543,99,84,24,High-Performing,0,7
S0544,84,73,9,Average,0,9
S0545,82,62,7,Average,0,9
S0546,82,76,16,Average,0,5
S0547,100,50,5,At-Risk,0,6
S0548,92,45,13,At-Risk,0,6
S0549,86,57,13,At-Risk,0,8
S0550,61,60,8,At-Risk,0,9
S0551,52,81,7,At-Risk,0,7
S0552,50,75,21,At-Risk,0,7
S0553,82,80,6,Average,0,8
S0554,89,77,5,Average,0,6
S0555,59,73,12,At-Risk,1,7
S0556,92,56,17,At-Risk,0,6
S0557,93,76,19,Average,0,8
S0558,78,64,12,Average,0,6
S0559,62,77,16,Average,0,6
S0560,61,97,16,Average,0,6
S0561,80,51,18,At-Risk,0,7
S0562,95,62,19,Average,0,5
S0563,51,92,19,At-Risk,0,9
S0564,100,81,13,Average,0,6
S0565,99,61,23,Average,0,6
S0566,84,60,24,At-Risk,0,6
S0567,72,66,12,Average,0,5
S0568,66,96,23,Average,0,8
S0569,75,70,10,Average,1,7
S0570,57,45,24,At-Risk,0,5
S0571,78,66,23,Average,0,6
S0572,75,79,8,Average,0,5
S0573,59,73,11,At-Risk,1,5
S0574,75,51,8,At-Risk,0,5
S0575,83,84,16,High-Performing,1,8
S0576,100,96,17,High-Performing,0,9
S0577,90,92,7,Average,0,7
S0578,56,46,16,At-Risk,1,8
S0579,53,49,6,At-Risk,0,8
S0580,99,84,6,Average,0,9
S0581,94,56,13,At-Risk,0,8
S0582,60,65,5,At-Risk,0,5
S0583,78,60,12,At-Risk,1,5
S0584,85,67,10,Average,0,6
S0585,74,97,10,Average,0,8
S0586,70,85,22,Average,0,6
S0587,85,41,21,At-Risk,0,7
S0588,59,99,16,At-Risk,0,5
S0589,86,93,10,Average,0,7
S0590,58,82,12,At-Risk,0,9
S0591,73,40,23,At-Risk,1,5
S0592,84,90,14,Average,0,7
S0593,98,92,5,Average,0,9
S0594,84,75,17,Average,1,7
S0595,97,90,21,High-Performing,0,9
S0596,85,65,7,Average,0,9
S0597,67,68,12,Average,0,5
S0598,98,60,18,At-Risk,0,6
S0599,88,50,7,At-Risk,0,9
S0600,81,79,20,Average,1,9
S0601,73,50,17,At-Risk,0,5
S0602,72,75,24,Average,0,6
S0603,81,88,21,High-Performing,0,8
S0604,86,98,17,High-Performing,0,8
S0605,61,78,10,Average,0,6
S0606,98,79,21,Average,0,7
S0607,62,74,18,Average,0,5
S0608,72,93,21,Average,0,6
S0609,74,73,12,Average,0,8
S0610,84,94,15,Average,0,9
S0611,90,86,24,High-Performing,0,8
S0612,79,63,5,Average,0,9
S0613,66,93,11,Average,0,5
S0614,98,61,21,Average,0,9
S0615,69,44,14,At-Risk,0,6
S0616,97,95,15,Average,0,9
S0617,74,72,13,Average,0,7
S0618,71,97,13,Average,0,6
S0619,62,75,9,Average,0,5
S0620,68,86,21,Average,0,6
S0621,98,59,13,At-Risk,0,7
S0622,85,58,21,At-Risk,0,5
S0623,61,74,23,Average,0,8
S0624,90,91,11,Average,0,7
S0625,68,82,13,Average,0,5
S0626,61,56,11,At-Risk,0,9
S0627,58,98,17,At-Risk,0,6
S0628,56,84,15,At-Risk,0,5
S0629,77,82,18,Average,0,6
S0630,63,73,23,Average,1,9
S0631,80,48,15,At-Risk,0,5
S0632,68,65,17,Average,0,8
S0633,96,41,18,At-Risk,1,7
S0634,65,92,17,Average,0,5
S0635,54,48,5,At-Risk,0,9
S0636,84,48,12,At-Risk,0,5
S0637,61,79,16,Average,0,6
S0638,74,56,23,At-Risk,0,5
S0639,70,40,16,At-Risk,0,8
S0640,85,64,12,Average,0,5
S0641,72,100,12,Average,1,7
S0642,65,82,17,Average,0,5
S0643,88,79,16,Average,0,6
S0644,94,81,20,High-Performing,0,5
S0645,91,64,5,Average,0,8
S0646,88,78,17,Average,0,9
S0647,63,74,11,Average,0,5
S0648,80,42,9,At-Risk,0,5
S0649,54,89,12,At-Risk,0,7
S0650,84,76,18,Average,0,8
S0651,72,83,17,Average,0,9
S0652,78,83,19,Average,0,6
S0653,92,90,21,High-Performing,0,5
S0654,60,69,19,At-Risk,1,9
S0655,67,77,24,Average,0,6
S0656,96,73,22,Average,0,8
S0657,61,51,22,At-Risk,0,8
S0658,58,58,6,At-Risk,0,9
S0659,59,76,8,At-Risk,0,6
S0660,93,83,5,Average,0,8
S0661,66,98,8,Average,0,9
S0662,87,98,22,High-Performing,0,8
S0663,56,88,9,At-Risk,0,8
S0664,95,100,23,High-Performing,0,8
S0665,62,56,19,At-Risk,0,7
S0666,89,49,12,At-Risk,0,6
S0667,91,96,24,High-Performing,0,9
S0668,58,94,21,At-Risk,1,9
S0669,99,88,5,Average,0,6
S0670,76,86,16,Average,1,6
S0671,51,51,23,At-Risk,0,6
S0672,54,55,19,At-Risk,0,6
S0673,78,63,13,Average,0,5
S0674,86,58,11,At-Risk,0,9
S0675,87,47,6,At-Risk,0,5
S0676,68,70,13,Average,1,8
S0677,57,60,14,At-Risk,0,8
S0678,97,56,6,At-Risk,0,9
S0679,94,62,23,Average,0,8
S0680,50,76,15,At-Risk,0,6
S0681,71,93,17,Average,0,5
S0682,66,55,14,At-Risk,0,6
S0683,56,45,18,At-Risk,0,8
S0684,74,47,22,At-Risk,0,5
S0685,94,64,23,Average,0,6
S0686,53,57,13,At-Risk,0,9
S0687,85,64,11,Average,0,6
S0688,55,51,7,At-Risk,0,8
S0689,80,54,24,At-Risk,0,5
S0690,68,98,10,Average,0,9
S0691,93,65,6,Average,0,5
S0692,88,80,10,Average,0,9
S0693,76,84,7,Average,0,5
S0694,59,65,20,At-Risk,0,8
S0695,75,86,12,Average,0,9
S0696,68,71,6,Average,0,7
S0697,88,49,21,At-Risk,0,5
S0698,52,55,13,At-Risk,0,5
S0699,94,46,16,At-Risk,0,6
S0700,62,56,7,At-Risk,0,9
S0701,99,62,15,Average,0,7
S0702,77,65,5,Average,1,8
S0703,69,60,17,At-Risk,1,6
S0704,77,61,19,Average,0,7
S0705,57,97,9,At-Risk,0,9
S0706,90,46,21,At-Risk,0,7
S0707,88,53,10,At-Risk,1,5
S0708,50,54,15,At-Risk,0,5
S0709,52,92,22,At-Risk,0,6
S0710,62,46,8,At-Risk,0,9
S0711,77,48,7,At-Risk,0,9
S0712,98,90,17,High-Performing,0,7
S0713,74,87,13,Average,1,6
S0714,82,47,10,At-Risk,0,9
S0715,87,89,16,High-Performing,0,5
S0716,55,98,6,At-Risk,0,7
S0717,93,62,7,Average,0,8
S0718,94,68,7,Average,0,5
S0719,81,57,16,At-Risk,0,6
S0720,94,70,19,Average,0,9
S0721,96,69,13,Average,0,5
S0722,70,91,12,Average,0,8
S0723,65,78,15,Average,0,8
S0724,70,74,20,Average,1,6
S0725,60,57,8,At-Risk,1,5
S0726,86,98,5,Average,0,7
S0727,85,81,11,Average,0,5
S0728,84,78,6,Average,1,8
S0729,68,56,9,At-Risk,0,6
S0730,69,53,11,At-Risk,0,6
S0731,67,70,8,Average,1,7
S0732,96,63,9,Average,0,6
S0733,90,74,5,Average,0,6
S0734,98,83,5,Average,1,6
S0735,63,99,19,Average,0,6
S0736,64,84,24,Average,0,6
S0737,80,73,23,Average,0,8
S0738,50,42,14,At-Risk,0,5
S0739,52,76,22,At-Risk,0,9
S0740,65,82,7,Average,0,6
S0741,72,79,15,Average,1,9
S0742,60,65,19,At-Risk,0,9
S0743,61,94,15,Average,0,8
S0744,59,62,21,At-Risk,0,6
S0745,81,83,21,High-Performing,0,9
S0746,65,78,10,Average,0,6
S0747,57,54,9,At-Risk,1,7
S0748,87,95,12,Average,0,7
S0749,61,88,6,Average,0,7
S0750,73,43,20,At-Risk,0,9
S0751,77,68,24,Average,0,7
S0752,57,61,16,At-Risk,0,8
S0753,77,64,10,Average,0,8
S0754,85,52,5,At-Risk,0,9
S0755,75,57,8,At-Risk,1,6
S0756,57,72,21,At-Risk,0,5
S0757,99,55,17,At-Risk,0,6
S0758,77,84,22,Average,0,6
S0759,77,81,9,Average,0,6
S0760,86,83,7,Average,0,6
S0761,90,41,15,At-Risk,0,5
S0762,85,94,17,High-Performing,0,7
S0763,76,74,8,Average,0,6
S0764,66,81,18,Average,0,8
S0765,58,73,15,At-Risk,0,9
S0766,82,69,14,Average,0,9
S0767,69,98,23,Average,0,8
S0768,62,94,22,Average,0,6
S0769,77,52,10,At-Risk,0,5
S0770,97,52,19,At-Risk,0,7
S0771,78,57,14,At-Risk,0,9
S0772,62,71,9,Average,0,7
S0773,95,71,9,Average,0,5
S0774,84,74,14,Average,0,9
S0775,55,98,9,At-Risk,0,7
S0776,67,78,7,Average,0,5
S0777,100,85,10,Average,1,7
S0778,54,91,8,At-Risk,0,6
S0779,96,68,22,Average,0,5
S0780,74,88,13,Average,0,7
S0781,51,68,21,At-Risk,0,6
S0782,59,92,17,At-Risk,0,6
S0783,79,83,19,Average,0,5
S0784,99,96,24,High-Performing,0,8
S0785,94,55,21,At-Risk,0,9
S0786,54,95,17,At-Risk,0,5
S0787,82,83,20,High-Performing,0,6
S0788,50,86,8,At-Risk,0,6
S0789,67,96,9,Average,0,5
S0790,81,49,9,At-Risk,0,8
S0791,96,69,13,Average,1,9
S0792,98,64,21,Average,1,7
S0793,60,78,17,At-Risk,0,5
S0794,70,59,6,At-Risk,0,9
S0795,75,44,17,At-Risk,0,9
S0796,74,40,23,At-Risk,1,6
S0797,71,69,7,Average,0,7
S0798,76,88,14,Average,0,5
S0799,98,42,6,At-Risk,0,6
S0800,62,84,17,Average,0,6
S0801,82,53,23,At-Risk,0,8
S0802,83,95,21,High-Performing,0,9
S0803,90,69,18,Average,0,5
S0804,84,89,16,High-Performing,0,5
S0805,50,43,16,At-Risk,0,5
S0806,70,57,15,At-Risk,0,6
S0807,97,76,11,Average,0,8
S0808,55,64,8,At-Risk,0,7
S0809,77,87,23,Average,0,6
S0810,66,40,5,At-Risk,0,7
S0811,54,92,7,At-Risk,0,8
S0812,80,85,17,Average,1,9
S0813,54,54,19,At-Risk,0,5
S0814,87,48,6,At-Risk,0,7
S0815,52,54,15,At-Risk,0,6
S0816,72,88,8,Average,1,7
S0817,86,96,23,High-Performing,0,9
S0818,86,63,21,Average,0,5
S0819,59,43,7,At-Risk,0,7
S0820,59,51,22,At-Risk,0,9
S0821,68,98,12,Average,0,6
S0822,66,97,23,Average,0,8
S0823,70,76,9,Average,0,6
S0824,63,100,11,Average,0,5
S0825,58,76,12,At-Risk,0,6
S0826,95,82,9,Average,0,6
S0827,50,99,21,At-Risk,0,6
S0828,100,45,9,At-Risk,0,6
S0829,94,78,8,Average,0,5
S0830,62,95,23,Average,0,9
S0831,53,85,6,At-Risk,0,7
S0832,50,63,15,At-Risk,0,8
S0833,98,50,17,At-Risk,1,7
S0834,89,52,19,At-Risk,0,7
S0835,81,73,16,Average,0,8
S0836,83,64,15,Average,0,5
S0837,77,46,11,At-Risk,0,8
S0838,80,91,9,Average,0,5
S0839,57,43,21,At-Risk,0,7
S0840,88,98,24,High-Performing,0,5
S0841,75,47,13,At-Risk,0,9
S0842,83,59,18,At-Risk,0,8
S0843,52,68,16,At-Risk,0,9
S0844,99,93,10,Average,0,7
S0845,61,92,21,Average,0,8
S0846,50,90,23,At-Risk,0,7
S0847,93,84,23,High-Performing,0,9
S0848,54,85,20,At-Risk,1,7
S0849,79,49,16,At-Risk,1,8
S0850,79,82,16,Average,0,8
S0851,66,73,24,Average,0,7
S0852,97,96,10,Average,0,8
S0853,96,65,8,Average,0,8
S0854,72,80,10,Average,0,7
S0855,64,88,15,Average,0,9
S0856,86,97,5,Average,0,8
S0857,70,42,19,At-Risk,0,8
S0858,63,95,15,Average,0,8
S0859,51,45,23,At-Risk,0,8
S0860,60,44,22,At-Risk,0,7
S0861,100,44,21,At-Risk,0,9
S0862,88,93,23,High-Performing,0,9
S0863,87,86,18,High-Performing,0,5
S0864,83,62,22,Average,0,8
S0865,87,88,23,High-Performing,0,8
S0866,99,48,19,At-Risk,0,5
S0867,83,74,19,Average,0,9
S0868,67,59,8,At-Risk,0,6
S0869,79,97,11,Average,0,6
S0870,64,88,17,Average,0,9
S0871,76,100,7,Average,0,8
S0872,100,98,20,High-Performing,0,6
S0873,83,81,13,Average,0,7
S0874,87,74,12,Average,0,7
S0875,82,89,24,High-Performing,1,5
S0876,73,57,17,At-Risk,0,9
S0877,64,56,21,At-Risk,0,9
S0878,79,63,21,Average,0,6
S0879,91,42,21,At-Risk,1,8
S0880,100,71,5,Average,0,9
S0881,66,74,12,Average,0,6
S0882,54,77,23,At-Risk,0,6
S0883,78,52,10,At-Risk,0,9
S0884,53,95,7,At-Risk,0,6
S0885,59,100,9,At-Risk,0,5
S0886,66,86,17,Average,0,5
S0887,59,64,19,At-Risk,0,9
S0888,66,48,18,At-Risk,0,8
S0889,69,43,20,At-Risk,0,5
S0890,73,53,22,At-Risk,0,5
S0891,54,76,15,At-Risk,0,9
S0892,83,73,7,Average,0,7
S0893,55,50,14,At-Risk,0,6
S0894,51,80,14,At-Risk,0,5
S0895,62,95,20,Average,0,7
S0896,92,42,16,At-Risk,0,8
S0897,92,98,6,Average,0,7
S0898,97,67,13,Average,0,9
S0899,60,68,7,At-Risk,0,8
S0900,100,48,19,At-Risk,0,8
S0901,96,42,7,At-Risk,1,7
S0902,72,64,23,Average,0,9
S0903,65,73,22,Average,0,5
S0904,80,51,12,At-Risk,0,7
S0905,60,81,21,At-Risk,0,5
S0906,65,48,12,At-Risk,0,7
S0907,57,54,11,At-Risk,0,5
S0908,53,79,11,At-Risk,0,7
S0909,89,64,7,Average,0,8
S0910,53,44,5,At-Risk,0,6
S0911,74,50,8,At-Risk,0,8
S0912,52,98,9,At-Risk,0,5
S0913,81,73,5,Average,0,9
S0914,52,63,19,At-Risk,0,8
S0915,76,99,9,Average,0,6
S0916,78,54,17,At-Risk,0,5
S0917,81,77,12,Average,0,8
S0918,99,47,12,At-Risk,0,7
S0919,100,98,9,Average,0,9
S0920,68,44,13,At-Risk,0,5
S0921,70,87,5,Average,0,8
S0922,54,65,8,At-Risk,0,5
S0923,67,57,7,At-Risk,0,7
S0924,77,45,6,At-Risk,0,6
S0925,91,76,12,Average,0,8
S0926,71,99,13,Average,0,5
S0927,70,87,6,Average,0,5
S0928,55,52,18,At-Risk,0,5
S0929,50,67,18,At-Risk,0,6
S0930,54,44,8,At-Risk,0,5
S0931,90,52,10,At-Risk,0,9
S0932,61,56,15,At-Risk,0,9
S0933,75,89,7,Average,0,5
S0934,95,79,12,Average,0,9
S0935,83,84,7,Average,0,8
S0936,98,71,18,Average,0,9
S0937,63,68,17,Average,0,5
S0938,75,90,17,Average,0,7
S0939,94,97,6,Average,0,8
S0940,76,42,17,At-Risk,0,6
S0941,58,95,23,At-Risk,0,5
S0942,75,79,10,Average,1,6
S0943,96,73,20,Average,0,7
S0944,71,79,6,Average,0,6
S0945,96,66,12,Average,0,5
S0946,79,52,21,At-Risk,0,5
S0947,92,84,6,Average,0,7
S0948,97,72,14,Average,0,5
S0949,66,45,20,At-Risk,0,7
S0950,75,63,10,Average,0,7
S0951,85,58,6,At-Risk,1,5
S0952,50,55,6,At-Risk,0,9
S0953,57,79,17,At-Risk,0,7
S0954,98,67,19,Average,1,5
S0955,84,72,6,Average,0,9
S0956,64,98,11,Average,0,7
S0957,96,98,7,Average,0,9
S0958,71,87,12,Average,0,8
S0959,63,80,18,Average,1,8
S0960,75,52,11,At-Risk,1,9
S0961,77,82,11,Average,0,7
S0962,72,84,5,Average,0,5
S0963,63,64,21,Average,0,6
S0964,73,92,13,Average,0,5
S0965,51,81,17,At-Risk,0,6
S0966,94,75,23,Average,0,6
S0967,75,66,23,Average,1,7
S0968,63,77,21,Average,1,9
S0969,100,99,14,Average,0,5
S0970,56,46,14,At-Risk,0,9
S0971,52,44,8,At-Risk,0,8
S0972,96,82,12,Average,0,7
S0973,72,84,24,Average,0,7
S0974,95,97,24,High-Performing,0,8
S0975,92,96,22,High-Performing,0,5
S0976,96,90,18,High-Performing,0,8
S0977,94,70,22,Average,0,5
S0978,67,62,18,Average,1,6
S0979,87,81,24,High-Performing,0,7
S0980,84,49,19,At-Risk,0,5
S0981,100,71,8,Average,0,9
S0982,64,82,17,Average,0,9
S0983,74,92,12,Average,1,7
S0984,86,69,22,Average,0,8
S0985,77,78,16,Average,0,8
S0986,59,70,18,At-Risk,0,5
S0987,88,57,6,At-Risk,0,8
S0988,66,75,22,Average,0,7
S0989,88,41,6,At-Risk,0,5
S0990,71,53,15,At-Risk,0,6
S0991,75,52,13,At-Risk,0,8
S0992,93,68,16,Average,0,8
S0993,74,51,21,At-Risk,0,5
S0994,66,78,19,Average,0,9
S0995,62,41,21,At-Risk,0,8
S0996,69,71,22,Average,0,7
S0997,74,52,10,At-Risk,0,8
S0998,53,85,21,At-Risk,0,6
S0999,59,66,22,At-Risk,0,8
S1000,52,88,12,At-Risk,0,9
